Datum;Idopont;Cikk;Pin_szam;Tipus;Megiras_hatarideje;URL;Board;Megjegyzes
2026.07.20;6:00;NYC in September;pin1;UJ;2026.07.17;https://milesandflavors.com/nyc-in-september/;New York Travel Guide;UJ | MEGIRNI: 2026.07.17
2026.07.20;8:00;Chicago in September;pin1;UJ;2026.07.17;https://milesandflavors.com/chicago-in-september/;Chicago Travel Guide;UJ | MEGIRNI: 2026.07.17
2026.07.21;6:00;Barcelona in September;pin1;UJ;2026.07.18;https://milesandflavors.com/barcelona-in-september/;Spain Travel;UJ | MEGIRNI: 2026.07.18
2026.07.21;8:00;Amsterdam in September;pin1;UJ;2026.07.18;https://milesandflavors.com/amsterdam-in-september/;Netherlands Travel Guide;UJ | MEGIRNI: 2026.07.18
2026.07.22;6:00;NYC Hidden Gems;E2-pin1;REGI;;https://milesandflavors.com/nyc-hidden-gems/;New York Travel Guide;Etap 2 | uj tabla
2026.07.22;8:00;Brooklyn Best Things to Do;E2-pin1;REGI;;https://milesandflavors.com/best-things-to-do-in-brooklyn/;New York Travel Guide;Etap 2 | uj tabla
2026.07.22;10:00;Barcelona Couples;E2-pin1;REGI;;https://milesandflavors.com/best-things-to-do-in-barcelona-for-couples/;Spain Travel;Etap 2 | uj tabla
2026.07.22;12:00;NYC Family Itinerary 5 Days;pin1;UJ;2026.07.19;https://milesandflavors.com/nyc-family-itinerary-5-days/;New York Travel Guide;UJ | MEGIRNI: 2026.07.19
2026.07.22;14:00;Chicago Family Itinerary 3 Days;pin1;UJ;2026.07.19;https://milesandflavors.com/chicago-family-itinerary-3-days/;Chicago Travel Guide;UJ | MEGIRNI: 2026.07.19
2026.07.23;6:00;Chicago Bucket List;E2-pin1;REGI;;https://milesandflavors.com/chicago-bucket-list-25-best-things-to-do/;USA Travel;Etap 2 | uj tabla
2026.07.23;8:00;Barcelona Bucket List;E2-pin1;REGI;;https://milesandflavors.com/barcelona-bucket-list/;Spain Travel;Etap 2 | uj tabla
2026.07.23;10:00;Chicago First-Timers;E2-pin1;REGI;;https://milesandflavors.com/best-things-to-do-in-chicago/;Chicago Travel Guide;Etap 2 | uj tabla
2026.07.23;12:00;Empire State vs Top of Rock;E2-pin1;REGI;;https://milesandflavors.com/empire-state-building-vs-top-of-the-rock/;New York Travel Guide;Etap 2 | uj tabla
2026.07.23;14:00;Sagrada Familia Skip Line;E2-pin1;REGI;;https://milesandflavors.com/sagrada-familia-skip-the-line/;Spain Travel;Etap 2 | uj tabla
2026.07.23;20:00;Millennium Park Chicago;E2-pin1;REGI;;https://milesandflavors.com/millennium-park-cloud-gate-chicago/;Chicago Travel Guide;Etap 2 | uj tabla
2026.07.23;21:00;Barcelona Family Itinerary 4 Days;pin1;UJ;2026.07.20;https://milesandflavors.com/barcelona-family-itinerary-4-days/;Spain Travel;UJ | MEGIRNI: 2026.07.20
2026.07.24;6:00;Where to Stay NYC;E2-pin1;REGI;;https://milesandflavors.com/where-to-stay-in-nyc/;New York Travel Guide;Etap 2 | uj tabla
2026.07.24;8:00;25 Best Things NYC;E2-pin1;REGI;;https://milesandflavors.com/25-best-things-to-do-in-nyc/;New York Travel Guide;Etap 2 | uj tabla
2026.07.24;10:00;Park Guell + Sagrada Familia;E2-pin1;REGI;;https://milesandflavors.com/park-guell-sagrada-familia-barcelona/;Spain Travel;Etap 2 | uj tabla
2026.07.24;12:00;NYC This Weekend;E2-pin1;REGI;;https://milesandflavors.com/things-to-do-in-nyc-this-weekend/;New York Travel Guide;Etap 2 | uj tabla
2026.07.24;14:00;One World Observatory;E2-pin1;REGI;;https://milesandflavors.com/one-world-observatory-nyc/;New York Travel Guide;Etap 2 | uj tabla
2026.07.24;20:00;Amsterdam Family Itinerary 3 Days;pin1;UJ;2026.07.20;https://milesandflavors.com/amsterdam-family-itinerary-3-days/;Netherlands Travel Guide;UJ | MEGIRNI: 2026.07.20
2026.07.24;21:00;Where to Stay NYC with Kids;pin1;UJ;2026.07.21;https://milesandflavors.com/where-to-stay-in-nyc-with-kids/;New York Travel Guide;UJ | MEGIRNI: 2026.07.21
2026.07.25;6:00;Navy Pier Chicago;E2-pin1;REGI;;https://milesandflavors.com/navy-pier-chicago/;Chicago Travel Guide;Etap 2 | uj tabla
2026.07.25;8:00;Central Park NYC;E2-pin1;REGI;;https://milesandflavors.com/central-park-nyc-guide/;New York Travel Guide;Etap 2 | uj tabla
2026.07.25;10:00;NYC Travel Costs;E2-pin1;REGI;;https://milesandflavors.com/nyc-travel-costs/;New York Travel Guide;Etap 2 | uj tabla
2026.07.25;12:00;Casa Batllo Gaudi Trail;E2-pin1;REGI;;https://milesandflavors.com/casa-batllo-gaudi-trail-barcelona/;Spain Travel;Etap 2 | uj tabla
2026.07.25;14:00;Where to Stay Chicago with Kids;pin1;UJ;2026.07.21;https://milesandflavors.com/where-to-stay-in-chicago-with-kids/;Chicago Travel Guide;UJ | MEGIRNI: 2026.07.21
2026.07.25;20:00;Best Neighborhoods Barcelona Families;pin1;UJ;2026.07.22;https://milesandflavors.com/best-neighborhoods-barcelona-families/;Spain Travel;UJ | MEGIRNI: 2026.07.22
2026.07.25;21:00;Amsterdam with Kids Under 10;pin1;UJ;2026.07.22;https://milesandflavors.com/amsterdam-with-kids-under-10/;Netherlands Travel Guide;UJ | MEGIRNI: 2026.07.22
2026.07.26;6:00;Montserrat Day Trip;E2-pin1;REGI;;https://milesandflavors.com/montserrat-day-trip-from-barcelona/;Spain Travel;Etap 2 | uj tabla
2026.07.26;8:00;Chicago Architecture Cruise;E2-pin1;REGI;;https://milesandflavors.com/chicago-architecture-river-cruise/;Chicago Travel Guide;Etap 2 | uj tabla
2026.07.26;10:00;Willis Tower vs 360 Chicago;E2-pin1;REGI;;https://milesandflavors.com/willis-tower-skydeck-vs-360-chicago/;Chicago Travel Guide;Etap 2 | uj tabla
2026.07.26;12:00;Times Square NYC;E2-pin1;REGI;;https://milesandflavors.com/times-square-nyc-guide/;New York Travel Guide;Etap 2 | uj tabla
2026.07.26;14:00;NYC in a Day;E2-pin1;REGI;;https://milesandflavors.com/one-day-in-new-york/;New York Travel Guide;Etap 2 | uj tabla
2026.07.26;20:00;NYC Free Things;E2-pin1;REGI;;https://milesandflavors.com/free-things-to-do-in-nyc/;New York Travel Guide;Etap 2 | uj tabla
2026.07.26;21:00;Barcelona in 1 Day;E2-pin1;REGI;;https://milesandflavors.com/barcelona-in-one-day-itinerary/;Spain Travel;Etap 2 | uj tabla
2026.07.27;6:00;Chicago Hop-On Hop-Off;E2-pin1;REGI;;https://milesandflavors.com/chicago-hop-on-hop-off/;Chicago Travel Guide;Etap 2 | uj tabla
2026.07.27;8:00;NYC Hidden Gems;E2-pin2;REGI;;https://milesandflavors.com/nyc-hidden-gems/#[anchor-2];New York Travel Guide;Etap 2 | anchor | szekciokep
2026.07.27;10:00;Brooklyn Best Things to Do;E2-pin2;REGI;;https://milesandflavors.com/best-things-to-do-in-brooklyn/#[anchor-2];New York Travel Guide;Etap 2 | anchor | szekciokep
2026.07.27;12:00;Barcelona Couples;E2-pin2;REGI;;https://milesandflavors.com/best-things-to-do-in-barcelona-for-couples/#[anchor-2];Spain Travel;Etap 2 | anchor | szekciokep
2026.07.27;14:00;NYC Subway Tips with Kids;pin1;UJ;2026.07.23;https://milesandflavors.com/nyc-subway-tips-with-kids/;New York Travel Guide;UJ | MEGIRNI: 2026.07.23
2026.07.27;20:00;NYC Free Museums for Kids;pin1;UJ;2026.07.23;https://milesandflavors.com/nyc-free-museums-kids/;New York Travel Guide;UJ | MEGIRNI: 2026.07.23
2026.07.27;21:00;Europe Trip with Kids Guide;pin1;UJ;2026.07.24;https://milesandflavors.com/europe-trip-with-kids-planning-guide/;Travel Planning;UJ | MEGIRNI: 2026.07.24
2026.07.28;6:00;Chicago Bucket List;E2-pin2;REGI;;https://milesandflavors.com/chicago-bucket-list-25-best-things-to-do/#[anchor-2];USA Travel;Etap 2 | anchor | szekciokep
2026.07.28;8:00;Barcelona Bucket List;E2-pin2;REGI;;https://milesandflavors.com/barcelona-bucket-list/#[anchor-2];Spain Travel;Etap 2 | anchor | szekciokep
2026.07.28;10:00;Chicago First-Timers;E2-pin2;REGI;;https://milesandflavors.com/best-things-to-do-in-chicago/#[anchor-2];Chicago Travel Guide;Etap 2 | anchor | szekciokep
2026.07.28;12:00;Empire State vs Top of Rock;E2-pin2;REGI;;https://milesandflavors.com/empire-state-building-vs-top-of-the-rock/#[anchor-2];New York Travel Guide;Etap 2 | anchor | szekciokep
2026.07.28;14:00;Sagrada Familia Skip Line;E2-pin2;REGI;;https://milesandflavors.com/sagrada-familia-skip-the-line/#[anchor-2];Spain Travel;Etap 2 | anchor | szekciokep
2026.07.28;20:00;Millennium Park Chicago;E2-pin2;REGI;;https://milesandflavors.com/millennium-park-cloud-gate-chicago/#[anchor-2];Chicago Travel Guide;Etap 2 | anchor | szekciokep
2026.07.28;21:00;NYC Halloween with Kids;pin1;UJ;2026.07.24;https://milesandflavors.com/nyc-halloween-with-kids/;New York Travel Guide;UJ | MEGIRNI: 2026.07.24
2026.07.29;6:00;Where to Stay NYC;E2-pin2;REGI;;https://milesandflavors.com/where-to-stay-in-nyc/#[anchor-2];New York Travel Guide;Etap 2 | anchor | szekciokep
2026.07.29;8:00;25 Best Things NYC;E2-pin2;REGI;;https://milesandflavors.com/25-best-things-to-do-in-nyc/#[anchor-2];New York Travel Guide;Etap 2 | anchor | szekciokep
2026.07.29;10:00;Park Guell + Sagrada Familia;E2-pin2;REGI;;https://milesandflavors.com/park-guell-sagrada-familia-barcelona/#[anchor-2];Spain Travel;Etap 2 | anchor | szekciokep
2026.07.29;12:00;NYC This Weekend;E2-pin2;REGI;;https://milesandflavors.com/things-to-do-in-nyc-this-weekend/#[anchor-2];New York Travel Guide;Etap 2 | anchor | szekciokep
2026.07.29;14:00;One World Observatory;E2-pin2;REGI;;https://milesandflavors.com/one-world-observatory-nyc/#[anchor-2];New York Travel Guide;Etap 2 | anchor | szekciokep
2026.07.29;20:00;Fall Break Ideas with Kids USA;pin1;UJ;2026.07.25;https://milesandflavors.com/fall-break-ideas-with-kids-usa/;USA Travel;UJ | MEGIRNI: 2026.07.25
2026.07.29;21:00;Chicago Fall Activities with Kids;pin1;UJ;2026.07.25;https://milesandflavors.com/chicago-fall-activities-with-kids/;Chicago Travel Guide;UJ | MEGIRNI: 2026.07.25
2026.07.30;6:00;Navy Pier Chicago;E2-pin2;REGI;;https://milesandflavors.com/navy-pier-chicago/#[anchor-2];Chicago Travel Guide;Etap 2 | anchor | szekciokep
2026.07.30;8:00;Central Park NYC;E2-pin2;REGI;;https://milesandflavors.com/central-park-nyc-guide/#[anchor-2];New York Travel Guide;Etap 2 | anchor | szekciokep
2026.07.30;10:00;NYC Travel Costs;E2-pin2;REGI;;https://milesandflavors.com/nyc-travel-costs/#[anchor-2];New York Travel Guide;Etap 2 | anchor | szekciokep
2026.07.30;12:00;Casa Batllo Gaudi Trail;E2-pin2;REGI;;https://milesandflavors.com/casa-batllo-gaudi-trail-barcelona/#[anchor-2];Spain Travel;Etap 2 | anchor | szekciokep
2026.07.30;14:00;NYC Fall Foliage Day Trips;pin1;UJ;2026.07.26;https://milesandflavors.com/nyc-fall-foliage-day-trips/;New York Travel Guide;UJ | MEGIRNI: 2026.07.26
2026.07.30;20:00;NYC in October;pin1;UJ;2026.07.26;https://milesandflavors.com/nyc-in-october/;New York Travel Guide;UJ | MEGIRNI: 2026.07.26
2026.07.30;21:00;Free Things NYC with Kids;pin1;UJ;2026.07.27;https://milesandflavors.com/free-things-to-do-in-nyc-with-kids/;New York Travel Guide;UJ | MEGIRNI: 2026.07.27
2026.07.31;6:00;Montserrat Day Trip;E2-pin2;REGI;;https://milesandflavors.com/montserrat-day-trip-from-barcelona/#[anchor-2];Spain Travel;Etap 2 | anchor | szekciokep
2026.07.31;8:00;Chicago Architecture Cruise;E2-pin2;REGI;;https://milesandflavors.com/chicago-architecture-river-cruise/#[anchor-2];Chicago Travel Guide;Etap 2 | anchor | szekciokep
2026.07.31;10:00;Willis Tower vs 360 Chicago;E2-pin2;REGI;;https://milesandflavors.com/willis-tower-skydeck-vs-360-chicago/#[anchor-2];Chicago Travel Guide;Etap 2 | anchor | szekciokep
2026.07.31;12:00;Times Square NYC;E2-pin2;REGI;;https://milesandflavors.com/times-square-nyc-guide/#[anchor-2];New York Travel Guide;Etap 2 | anchor | szekciokep
2026.07.31;14:00;NYC in a Day;E2-pin2;REGI;;https://milesandflavors.com/one-day-in-new-york/#[anchor-2];New York Travel Guide;Etap 2 | anchor | szekciokep
2026.07.31;20:00;NYC Free Things;E2-pin2;REGI;;https://milesandflavors.com/free-things-to-do-in-nyc/#[anchor-2];New York Travel Guide;Etap 2 | anchor | szekciokep
2026.07.31;21:00;Barcelona in 1 Day;E2-pin2;REGI;;https://milesandflavors.com/barcelona-in-one-day-itinerary/#[anchor-2];Spain Travel;Etap 2 | anchor | szekciokep
2026.08.01;6:00;NYC Hidden Gems;E2-pin3;REGI;;https://milesandflavors.com/nyc-hidden-gems/;New York Travel Guide;Etap 2 | folink | 3. kep
2026.08.01;8:00;Brooklyn Best Things to Do;E2-pin3;REGI;;https://milesandflavors.com/best-things-to-do-in-brooklyn/;New York Travel Guide;Etap 2 | folink | 3. kep
2026.08.01;10:00;Barcelona Couples;E2-pin3;REGI;;https://milesandflavors.com/best-things-to-do-in-barcelona-for-couples/;Spain Travel;Etap 2 | folink | 3. kep
2026.08.01;12:00;Chicago Hop-On Hop-Off;E2-pin2;REGI;;https://milesandflavors.com/chicago-hop-on-hop-off/#[anchor-2];Chicago Travel Guide;Etap 2 | anchor | szekciokep
2026.08.01;14:00;NYC Budget Tips for Families;pin1;UJ;2026.07.27;https://milesandflavors.com/nyc-budget-tips-for-families/;New York Travel Guide;UJ | MEGIRNI: 2026.07.27
2026.08.01;20:00;Amsterdam on a Budget;pin1;UJ;2026.07.28;https://milesandflavors.com/amsterdam-on-a-budget/;Netherlands Travel Guide;UJ | MEGIRNI: 2026.07.28
2026.08.01;21:00;Central Park with Kids;pin1;UJ;2026.07.28;https://milesandflavors.com/central-park-with-kids/;New York Travel Guide;UJ | MEGIRNI: 2026.07.28
2026.08.02;6:00;Chicago Bucket List;E2-pin3;REGI;;https://milesandflavors.com/chicago-bucket-list-25-best-things-to-do/;USA Travel;Etap 2 | folink | 3. kep
2026.08.02;8:00;Barcelona Bucket List;E2-pin3;REGI;;https://milesandflavors.com/barcelona-bucket-list/;Spain Travel;Etap 2 | folink | 3. kep
2026.08.02;10:00;Chicago First-Timers;E2-pin3;REGI;;https://milesandflavors.com/best-things-to-do-in-chicago/;Chicago Travel Guide;Etap 2 | folink | 3. kep
2026.08.02;12:00;Empire State vs Top of Rock;E2-pin3;REGI;;https://milesandflavors.com/empire-state-building-vs-top-of-the-rock/;New York Travel Guide;Etap 2 | folink | 3. kep
2026.08.02;14:00;Sagrada Familia Skip Line;E2-pin3;REGI;;https://milesandflavors.com/sagrada-familia-skip-the-line/;Spain Travel;Etap 2 | folink | 3. kep
2026.08.02;20:00;Millennium Park Chicago;E2-pin3;REGI;;https://milesandflavors.com/millennium-park-cloud-gate-chicago/;Chicago Travel Guide;Etap 2 | folink | 3. kep
2026.08.02;21:00;Chicago Free Museums Kids;pin1;UJ;2026.07.29;https://milesandflavors.com/chicago-free-museums-kids/;Chicago Travel Guide;UJ | MEGIRNI: 2026.07.29
2026.08.03;6:00;Where to Stay NYC;E2-pin3;REGI;;https://milesandflavors.com/where-to-stay-in-nyc/;New York Travel Guide;Etap 2 | folink | 3. kep
2026.08.03;8:00;25 Best Things NYC;E2-pin3;REGI;;https://milesandflavors.com/25-best-things-to-do-in-nyc/;New York Travel Guide;Etap 2 | folink | 3. kep
2026.08.03;10:00;Park Guell + Sagrada Familia;E2-pin3;REGI;;https://milesandflavors.com/park-guell-sagrada-familia-barcelona/;Spain Travel;Etap 2 | folink | 3. kep
2026.08.03;12:00;NYC This Weekend;E2-pin3;REGI;;https://milesandflavors.com/things-to-do-in-nyc-this-weekend/;New York Travel Guide;Etap 2 | folink | 3. kep
2026.08.03;14:00;One World Observatory;E2-pin3;REGI;;https://milesandflavors.com/one-world-observatory-nyc/;New York Travel Guide;Etap 2 | folink | 3. kep
2026.08.03;20:00;Rainy Day Activities NYC Kids;pin1;UJ;2026.07.29;https://milesandflavors.com/rainy-day-activities-nyc-kids/;New York Travel Guide;UJ | MEGIRNI: 2026.07.29
2026.08.03;21:00;Rainy Day Activities Chicago Kids;pin1;UJ;2026.07.30;https://milesandflavors.com/rainy-day-activities-chicago-kids/;Chicago Travel Guide;UJ | MEGIRNI: 2026.07.30
2026.08.04;6:00;Navy Pier Chicago;E2-pin3;REGI;;https://milesandflavors.com/navy-pier-chicago/;Chicago Travel Guide;Etap 2 | folink | 3. kep
2026.08.04;8:00;Central Park NYC;E2-pin3;REGI;;https://milesandflavors.com/central-park-nyc-guide/;New York Travel Guide;Etap 2 | folink | 3. kep
2026.08.04;10:00;NYC Travel Costs;E2-pin3;REGI;;https://milesandflavors.com/nyc-travel-costs/;New York Travel Guide;Etap 2 | folink | 3. kep
2026.08.04;12:00;Casa Batllo Gaudi Trail;E2-pin3;REGI;;https://milesandflavors.com/casa-batllo-gaudi-trail-barcelona/;Spain Travel;Etap 2 | folink | 3. kep
2026.08.04;14:00;NYC with a Toddler;pin1;UJ;2026.07.30;https://milesandflavors.com/nyc-with-a-toddler/;New York Travel Guide;UJ | MEGIRNI: 2026.07.30
2026.08.04;20:00;Chicago with a Toddler;pin1;UJ;2026.07.31;https://milesandflavors.com/chicago-with-a-toddler/;Chicago Travel Guide;UJ | MEGIRNI: 2026.07.31
2026.08.04;21:00;NYC with Kids First Time;pin1;UJ;2026.07.31;https://milesandflavors.com/nyc-with-kids-first-time/;New York Travel Guide;UJ | MEGIRNI: 2026.07.31
2026.08.05;6:00;Montserrat Day Trip;E2-pin3;REGI;;https://milesandflavors.com/montserrat-day-trip-from-barcelona/;Spain Travel;Etap 2 | folink | 3. kep
2026.08.05;8:00;Chicago Architecture Cruise;E2-pin3;REGI;;https://milesandflavors.com/chicago-architecture-river-cruise/;Chicago Travel Guide;Etap 2 | folink | 3. kep
2026.08.05;10:00;Willis Tower vs 360 Chicago;E2-pin3;REGI;;https://milesandflavors.com/willis-tower-skydeck-vs-360-chicago/;Chicago Travel Guide;Etap 2 | folink | 3. kep
2026.08.05;12:00;Times Square NYC;E2-pin3;REGI;;https://milesandflavors.com/times-square-nyc-guide/;New York Travel Guide;Etap 2 | folink | 3. kep
2026.08.05;14:00;NYC in a Day;E2-pin3;REGI;;https://milesandflavors.com/one-day-in-new-york/;New York Travel Guide;Etap 2 | folink | 3. kep
2026.08.05;20:00;NYC Free Things;E2-pin3;REGI;;https://milesandflavors.com/free-things-to-do-in-nyc/;New York Travel Guide;Etap 2 | folink | 3. kep
2026.08.05;21:00;Barcelona in 1 Day;E2-pin3;REGI;;https://milesandflavors.com/barcelona-in-one-day-itinerary/;Spain Travel;Etap 2 | folink | 3. kep
2026.08.06;6:00;Chicago Hop-On Hop-Off;E2-pin3;REGI;;https://milesandflavors.com/chicago-hop-on-hop-off/;Chicago Travel Guide;Etap 2 | folink | 3. kep
2026.08.06;8:00;Weekend Trips NYC in Fall;pin1;UJ;2026.08.01;https://milesandflavors.com/weekend-trips-from-nyc-in-fall/;New York Travel Guide;UJ | MEGIRNI: 2026.08.01
2026.08.06;10:00;Weekend Trips Chicago in Fall;pin1;UJ;2026.08.01;https://milesandflavors.com/weekend-trips-from-chicago-in-fall/;Chicago Travel Guide;UJ | MEGIRNI: 2026.08.01
2026.08.06;12:00;NYC Day Trips Kids Autumn;pin1;UJ;2026.08.02;https://milesandflavors.com/nyc-day-trips-kids-autumn/;New York Travel Guide;UJ | MEGIRNI: 2026.08.02
2026.08.06;14:00;Chicago Day Trips Kids Autumn;pin1;UJ;2026.08.02;https://milesandflavors.com/chicago-day-trips-kids-autumn/;Chicago Travel Guide;UJ | MEGIRNI: 2026.08.02
2026.08.06;20:00;Barcelona Hidden Gems;pin1;UJ;2026.08.03;https://milesandflavors.com/barcelona-hidden-gems/;Spain Travel;UJ | MEGIRNI: 2026.08.03
2026.08.06;21:00;NYC in September;pin2;UJ;;https://milesandflavors.com/nyc-in-september/#[anchor];New York Travel Guide;anchor URL
2026.08.07;6:00;Chicago in September;pin2;UJ;;https://milesandflavors.com/chicago-in-september/#[anchor];Chicago Travel Guide;anchor URL
2026.08.07;8:00;Barcelona in September;pin2;UJ;;https://milesandflavors.com/barcelona-in-september/#[anchor];Spain Travel;anchor URL
2026.08.07;10:00;Amsterdam in September;pin2;UJ;;https://milesandflavors.com/amsterdam-in-september/#[anchor];Netherlands Travel Guide;anchor URL
2026.08.07;12:00;NYC Family Itinerary 5 Days;pin2;UJ;;https://milesandflavors.com/nyc-family-itinerary-5-days/#[anchor];New York Travel Guide;anchor URL
2026.08.07;14:00;Chicago Family Itinerary 3 Days;pin2;UJ;;https://milesandflavors.com/chicago-family-itinerary-3-days/#[anchor];Chicago Travel Guide;anchor URL
2026.08.07;20:00;Barcelona Family Itinerary 4 Days;pin2;UJ;;https://milesandflavors.com/barcelona-family-itinerary-4-days/#[anchor];Spain Travel;anchor URL
2026.08.07;21:00;Amsterdam Family Itinerary 3 Days;pin2;UJ;;https://milesandflavors.com/amsterdam-family-itinerary-3-days/#[anchor];Netherlands Travel Guide;anchor URL
2026.08.08;6:00;Where to Stay NYC with Kids;pin2;UJ;;https://milesandflavors.com/where-to-stay-in-nyc-with-kids/#[anchor];New York Travel Guide;anchor URL
2026.08.08;8:00;Where to Stay Chicago with Kids;pin2;UJ;;https://milesandflavors.com/where-to-stay-in-chicago-with-kids/#[anchor];Chicago Travel Guide;anchor URL
2026.08.08;10:00;Best Neighborhoods Barcelona Families;pin2;UJ;;https://milesandflavors.com/best-neighborhoods-barcelona-families/#[anchor];Spain Travel;anchor URL
2026.08.08;12:00;Amsterdam with Kids Under 10;pin2;UJ;;https://milesandflavors.com/amsterdam-with-kids-under-10/#[anchor];Netherlands Travel Guide;anchor URL
2026.08.08;14:00;NYC Subway Tips with Kids;pin2;UJ;;https://milesandflavors.com/nyc-subway-tips-with-kids/#[anchor];New York Travel Guide;anchor URL
2026.08.08;20:00;NYC Free Museums for Kids;pin2;UJ;;https://milesandflavors.com/nyc-free-museums-kids/#[anchor];New York Travel Guide;anchor URL
2026.08.08;21:00;Europe Trip with Kids Guide;pin2;UJ;;https://milesandflavors.com/europe-trip-with-kids-planning-guide/#[anchor];Travel Planning;anchor URL
2026.08.09;6:00;NYC Halloween with Kids;pin2;UJ;;https://milesandflavors.com/nyc-halloween-with-kids/#[anchor];New York Travel Guide;anchor URL
2026.08.09;8:00;Fall Break Ideas with Kids USA;pin2;UJ;;https://milesandflavors.com/fall-break-ideas-with-kids-usa/#[anchor];USA Travel;anchor URL
2026.08.09;10:00;Chicago Fall Activities with Kids;pin2;UJ;;https://milesandflavors.com/chicago-fall-activities-with-kids/#[anchor];Chicago Travel Guide;anchor URL
2026.08.09;12:00;NYC Fall Foliage Day Trips;pin2;UJ;;https://milesandflavors.com/nyc-fall-foliage-day-trips/#[anchor];New York Travel Guide;anchor URL
2026.08.09;14:00;NYC in October;pin2;UJ;;https://milesandflavors.com/nyc-in-october/#[anchor];New York Travel Guide;anchor URL
2026.08.09;20:00;Free Things NYC with Kids;pin2;UJ;;https://milesandflavors.com/free-things-to-do-in-nyc-with-kids/#[anchor];New York Travel Guide;anchor URL
2026.08.11;6:00;NYC Budget Tips for Families;pin2;UJ;;https://milesandflavors.com/nyc-budget-tips-for-families/#[anchor];New York Travel Guide;anchor URL
2026.08.11;8:00;Amsterdam on a Budget;pin2;UJ;;https://milesandflavors.com/amsterdam-on-a-budget/#[anchor];Netherlands Travel Guide;anchor URL
2026.08.11;10:00;Central Park with Kids;pin2;UJ;;https://milesandflavors.com/central-park-with-kids/#[anchor];New York Travel Guide;anchor URL
2026.08.12;6:00;Chicago Free Museums Kids;pin2;UJ;;https://milesandflavors.com/chicago-free-museums-kids/#[anchor];Chicago Travel Guide;anchor URL
2026.08.13;6:00;Rainy Day Activities NYC Kids;pin2;UJ;;https://milesandflavors.com/rainy-day-activities-nyc-kids/#[anchor];New York Travel Guide;anchor URL
2026.08.13;8:00;Rainy Day Activities Chicago Kids;pin2;UJ;;https://milesandflavors.com/rainy-day-activities-chicago-kids/#[anchor];Chicago Travel Guide;anchor URL
2026.08.14;6:00;NYC with a Toddler;pin2;UJ;;https://milesandflavors.com/nyc-with-a-toddler/#[anchor];New York Travel Guide;anchor URL
2026.08.14;8:00;Chicago with a Toddler;pin2;UJ;;https://milesandflavors.com/chicago-with-a-toddler/#[anchor];Chicago Travel Guide;anchor URL
2026.08.14;10:00;NYC with Kids First Time;pin2;UJ;;https://milesandflavors.com/nyc-with-kids-first-time/#[anchor];New York Travel Guide;anchor URL
2026.08.16;6:00;NYC in September;pin3;UJ;;https://milesandflavors.com/nyc-in-september/;New York Travel Guide;folink ujra
2026.08.16;8:00;Weekend Trips NYC in Fall;pin2;UJ;;https://milesandflavors.com/weekend-trips-from-nyc-in-fall/#[anchor];New York Travel Guide;anchor URL
2026.08.16;10:00;Weekend Trips Chicago in Fall;pin2;UJ;;https://milesandflavors.com/weekend-trips-from-chicago-in-fall/#[anchor];Chicago Travel Guide;anchor URL
2026.08.16;12:00;NYC Day Trips Kids Autumn;pin2;UJ;;https://milesandflavors.com/nyc-day-trips-kids-autumn/#[anchor];New York Travel Guide;anchor URL
2026.08.16;14:00;Chicago Day Trips Kids Autumn;pin2;UJ;;https://milesandflavors.com/chicago-day-trips-kids-autumn/#[anchor];Chicago Travel Guide;anchor URL
2026.08.16;20:00;Barcelona Hidden Gems;pin2;UJ;;https://milesandflavors.com/barcelona-hidden-gems/#[anchor];Spain Travel;anchor URL
2026.08.17;6:00;Chicago in September;pin3;UJ;;https://milesandflavors.com/chicago-in-september/;Chicago Travel Guide;folink ujra
2026.08.17;8:00;Barcelona in September;pin3;UJ;;https://milesandflavors.com/barcelona-in-september/;Spain Travel;folink ujra
2026.08.17;10:00;Amsterdam in September;pin3;UJ;;https://milesandflavors.com/amsterdam-in-september/;Netherlands Travel Guide;folink ujra
2026.08.17;12:00;NYC Family Itinerary 5 Days;pin3;UJ;;https://milesandflavors.com/nyc-family-itinerary-5-days/;New York Travel Guide;folink ujra
2026.08.17;14:00;Chicago Family Itinerary 3 Days;pin3;UJ;;https://milesandflavors.com/chicago-family-itinerary-3-days/;Chicago Travel Guide;folink ujra
2026.08.17;20:00;Barcelona Family Itinerary 4 Days;pin3;UJ;;https://milesandflavors.com/barcelona-family-itinerary-4-days/;Spain Travel;folink ujra
2026.08.17;21:00;Amsterdam Family Itinerary 3 Days;pin3;UJ;;https://milesandflavors.com/amsterdam-family-itinerary-3-days/;Netherlands Travel Guide;folink ujra
2026.08.18;6:00;Where to Stay NYC with Kids;pin3;UJ;;https://milesandflavors.com/where-to-stay-in-nyc-with-kids/;New York Travel Guide;folink ujra
2026.08.18;8:00;Where to Stay Chicago with Kids;pin3;UJ;;https://milesandflavors.com/where-to-stay-in-chicago-with-kids/;Chicago Travel Guide;folink ujra
2026.08.18;10:00;Best Neighborhoods Barcelona Families;pin3;UJ;;https://milesandflavors.com/best-neighborhoods-barcelona-families/;Spain Travel;folink ujra
2026.08.18;12:00;Amsterdam with Kids Under 10;pin3;UJ;;https://milesandflavors.com/amsterdam-with-kids-under-10/;Netherlands Travel Guide;folink ujra
2026.08.18;14:00;NYC Subway Tips with Kids;pin3;UJ;;https://milesandflavors.com/nyc-subway-tips-with-kids/;New York Travel Guide;folink ujra
2026.08.18;20:00;NYC Free Museums for Kids;pin3;UJ;;https://milesandflavors.com/nyc-free-museums-kids/;New York Travel Guide;folink ujra
2026.08.18;21:00;Europe Trip with Kids Guide;pin3;UJ;;https://milesandflavors.com/europe-trip-with-kids-planning-guide/;Travel Planning;folink ujra
2026.08.19;6:00;NYC Halloween with Kids;pin3;UJ;;https://milesandflavors.com/nyc-halloween-with-kids/;New York Travel Guide;folink ujra
2026.08.19;8:00;Fall Break Ideas with Kids USA;pin3;UJ;;https://milesandflavors.com/fall-break-ideas-with-kids-usa/;USA Travel;folink ujra
2026.08.19;10:00;Chicago Fall Activities with Kids;pin3;UJ;;https://milesandflavors.com/chicago-fall-activities-with-kids/;Chicago Travel Guide;folink ujra
2026.08.19;12:00;NYC Fall Foliage Day Trips;pin3;UJ;;https://milesandflavors.com/nyc-fall-foliage-day-trips/;New York Travel Guide;folink ujra
2026.08.19;14:00;NYC in October;pin3;UJ;;https://milesandflavors.com/nyc-in-october/;New York Travel Guide;folink ujra
2026.08.19;20:00;Free Things NYC with Kids;pin3;UJ;;https://milesandflavors.com/free-things-to-do-in-nyc-with-kids/;New York Travel Guide;folink ujra
2026.08.21;6:00;NYC Budget Tips for Families;pin3;UJ;;https://milesandflavors.com/nyc-budget-tips-for-families/;New York Travel Guide;folink ujra
2026.08.21;8:00;Amsterdam on a Budget;pin3;UJ;;https://milesandflavors.com/amsterdam-on-a-budget/;Netherlands Travel Guide;folink ujra
2026.08.21;10:00;Central Park with Kids;pin3;UJ;;https://milesandflavors.com/central-park-with-kids/;New York Travel Guide;folink ujra
2026.08.22;6:00;Chicago Free Museums Kids;pin3;UJ;;https://milesandflavors.com/chicago-free-museums-kids/;Chicago Travel Guide;folink ujra
2026.08.23;6:00;Rainy Day Activities NYC Kids;pin3;UJ;;https://milesandflavors.com/rainy-day-activities-nyc-kids/;New York Travel Guide;folink ujra
2026.08.23;8:00;Rainy Day Activities Chicago Kids;pin3;UJ;;https://milesandflavors.com/rainy-day-activities-chicago-kids/;Chicago Travel Guide;folink ujra
2026.08.24;6:00;NYC with a Toddler;pin3;UJ;;https://milesandflavors.com/nyc-with-a-toddler/;New York Travel Guide;folink ujra
2026.08.24;8:00;Chicago with a Toddler;pin3;UJ;;https://milesandflavors.com/chicago-with-a-toddler/;Chicago Travel Guide;folink ujra
2026.08.24;10:00;NYC with Kids First Time;pin3;UJ;;https://milesandflavors.com/nyc-with-kids-first-time/;New York Travel Guide;folink ujra
2026.08.26;6:00;Weekend Trips NYC in Fall;pin3;UJ;;https://milesandflavors.com/weekend-trips-from-nyc-in-fall/;New York Travel Guide;folink ujra
2026.08.26;8:00;Weekend Trips Chicago in Fall;pin3;UJ;;https://milesandflavors.com/weekend-trips-from-chicago-in-fall/;Chicago Travel Guide;folink ujra
2026.08.26;10:00;NYC Day Trips Kids Autumn;pin3;UJ;;https://milesandflavors.com/nyc-day-trips-kids-autumn/;New York Travel Guide;folink ujra
2026.08.26;12:00;Chicago Day Trips Kids Autumn;pin3;UJ;;https://milesandflavors.com/chicago-day-trips-kids-autumn/;Chicago Travel Guide;folink ujra
2026.08.26;14:00;Barcelona Hidden Gems;pin3;UJ;;https://milesandflavors.com/barcelona-hidden-gems/;Spain Travel;folink ujra
