Priority;Article;URL;Source file;Recommended infographic type;Main reason;Volatile data present;Manual verification needed
PRIORITY A;12 Day Greece Itinerary;https://milesandflavors.com/12-day-greece-itinerary/;D:\Travel blog\Greece\12-day-greece-itinerary.txt;Day-by-day itinerary;The article contains a concrete sequence, comparison, booking decision, transport choice, or time-sensitive planning framework.;Yes;Yes
PRIORITY A;14-Day Southern Italy Road Trip Itinerary;https://milesandflavors.com/14-day-southern-italy-road-trip-itinerary/;D:\Travel blog\Amalfi Coast\14_Italy_roadtrip.txt;Day-by-day itinerary;The article contains a concrete sequence, comparison, booking decision, transport choice, or time-sensitive planning framework.;Yes;Yes
PRIORITY A;2 Days in Athens;https://milesandflavors.com/2-days-in-athens/;D:\Travel blog\Greece\2-days-in-athens-HTML.txt;Day-by-day itinerary;The article contains a concrete sequence, comparison, booking decision, transport choice, or time-sensitive planning framework.;Yes;Yes
PRIORITY A;2 Days in Barcelona at Christmas;https://milesandflavors.com/barcelona-christmas-itinerary/;D:\Travel blog\Barcelona\barcelona-christmas-itinerary-HTML.txt;Day-by-day itinerary;The article contains a concrete sequence, comparison, booking decision, transport choice, or time-sensitive planning framework.;Yes;Yes
PRIORITY A;24 Hours in Milan;https://milesandflavors.com/24-hours-in-milan/;D:\Travel blog\Dolomites\24-hours-in-milan-HTML.txt;Day-by-day itinerary;The article contains a concrete sequence, comparison, booking decision, transport choice, or time-sensitive planning framework.;Yes;Yes
PRIORITY A;3 Days in Amsterdam;https://milesandflavors.com/3-days-in-amsterdam/;D:\Travel blog\Amsterdam\3-days-in-amsterdam-HTML.txt;Day-by-day itinerary;The article contains a concrete sequence, comparison, booking decision, transport choice, or time-sensitive planning framework.;Yes;Yes
PRIORITY A;3 Days in Amsterdam with Kids;https://milesandflavors.com/amsterdam-family-itinerary-3-days/;D:\Travel blog\Amsterdam\amsterdam-family-itinerary-3-days-HTML.txt;Day-by-day itinerary;The article contains a concrete sequence, comparison, booking decision, transport choice, or time-sensitive planning framework.;Yes;Yes
PRIORITY A;3 Days in Chicago Itinerary;https://milesandflavors.com/3-days-in-chicago-itinerary/;D:\Travel blog\Chicago\3-Day-Chicago-itinerary.txt;Day-by-day itinerary;The article contains a concrete sequence, comparison, booking decision, transport choice, or time-sensitive planning framework.;Yes;Yes
PRIORITY A;3 Days in Chicago with Kids;https://milesandflavors.com/chicago-family-itinerary-3-days/;D:\Travel blog\Chicago\chicago-family-itinerary-3-days-HTML.txt;Day-by-day itinerary;The article contains a concrete sequence, comparison, booking decision, transport choice, or time-sensitive planning framework.;No;Yes
PRIORITY A;3 Days in Rome;https://milesandflavors.com/3-days-in-rome-itinerary/;D:\Travel blog\Rome\rome-itinerary-3-days-HTML.txt;Day-by-day itinerary;The article contains a concrete sequence, comparison, booking decision, transport choice, or time-sensitive planning framework.;Yes;Yes
PRIORITY A;4 Days in Barcelona;https://milesandflavors.com/4-days-in-barcelona-the-perfect-itinerary/;D:\Travel blog\Barcelona\Barcelona_Itinerary.txt;Day-by-day itinerary;The article contains a concrete sequence, comparison, booking decision, transport choice, or time-sensitive planning framework.;Yes;Yes
PRIORITY A;4 Days in Barcelona with Kids;https://milesandflavors.com/barcelona-family-itinerary-4-days/;D:\Travel blog\Barcelona\barcelona-family-itinerary-4-days-HTML.txt;Day-by-day itinerary;The article contains a concrete sequence, comparison, booking decision, transport choice, or time-sensitive planning framework.;No;Yes
PRIORITY A;5 Days in NYC with Kids;https://milesandflavors.com/nyc-family-itinerary-5-days/;D:\Travel blog\New York\nyc-family-itinerary-5-days-HTML.txt;Day-by-day itinerary;The article contains a concrete sequence, comparison, booking decision, transport choice, or time-sensitive planning framework.;No;Yes
PRIORITY A;5 Days on the Amalfi Coast;https://milesandflavors.com/5-days-on-the-amalfi-coast-itinerary/;D:\Travel blog\Amalfi Coast\5day-itinerary.txt;Day-by-day itinerary;The article contains a concrete sequence, comparison, booking decision, transport choice, or time-sensitive planning framework.;Yes;Yes
PRIORITY A;5-day New York City Itinerary for first-time visitors;https://milesandflavors.com/5-day-new-york-city-itinerary/;D:\Travel blog\New York\nyc-itinerary-5-days.txt;Day-by-day itinerary;The article contains a concrete sequence, comparison, booking decision, transport choice, or time-sensitive planning framework.;Yes;Yes
PRIORITY A;Amalfi Coast Travel Costs;https://milesandflavors.com/amalfi-coast-travel-costs/;D:\Travel blog\Amalfi Coast\travel-costs.txt;Budget and spending framework;The article contains a concrete sequence, comparison, booking decision, transport choice, or time-sensitive planning framework.;Yes;Yes
PRIORITY A;Amsterdam at Christmas;https://milesandflavors.com/amsterdam-at-christmas/;D:\Travel blog\Amsterdam\amsterdam-at-christmas-HTML.txt;Seasonal route and booking timeline;The article contains a concrete sequence, comparison, booking decision, transport choice, or time-sensitive planning framework.;Yes;Yes
PRIORITY A;Amsterdam in December;https://milesandflavors.com/amsterdam-in-december/;D:\Travel blog\Amsterdam\amsterdam-in-december-HTML.txt;Seasonal planning timeline;The article contains a concrete sequence, comparison, booking decision, transport choice, or time-sensitive planning framework.;Yes;Yes
PRIORITY A;Amsterdam in October;https://milesandflavors.com/amsterdam-in-october/;D:\Travel blog\Amsterdam\amsterdam-in-october-HTML.txt;Seasonal planning timeline;The article contains a concrete sequence, comparison, booking decision, transport choice, or time-sensitive planning framework.;No;Yes
PRIORITY A;Amsterdam in September;https://milesandflavors.com/amsterdam-in-september/;D:\Travel blog\Amsterdam\amsterdam-in-september-HTML.txt;Seasonal planning timeline;The article contains a concrete sequence, comparison, booking decision, transport choice, or time-sensitive planning framework.;Yes;Yes
PRIORITY A;Amsterdam in Winter;https://milesandflavors.com/amsterdam-in-winter/;D:\Travel blog\Amsterdam\amsterdam-in-winter-HTML.txt;Seasonal planning timeline;The article contains a concrete sequence, comparison, booking decision, transport choice, or time-sensitive planning framework.;No;Yes
PRIORITY A;Amsterdam Travel Costs;https://milesandflavors.com/amsterdam-travel-costs/;D:\Travel blog\Amsterdam\amsterdam-travel-costs-HTML.txt;Budget and spending framework;The article contains a concrete sequence, comparison, booking decision, transport choice, or time-sensitive planning framework.;Yes;Yes
PRIORITY A;Anne Frank House Tickets;https://milesandflavors.com/anne-frank-house-tickets-guide/;D:\Travel blog\Amsterdam\anne-frank-house-tickets-guide-HTML.txt;Booking decision guide;The article contains a concrete sequence, comparison, booking decision, transport choice, or time-sensitive planning framework.;Yes;Yes
PRIORITY A;Barcelona Airport to City Center;https://milesandflavors.com/barcelona-airport-to-city-center/;D:\Travel blog\Barcelona\barcelona-airport-to-city-center-HTML.txt;Transport decision flow;The article contains a concrete sequence, comparison, booking decision, transport choice, or time-sensitive planning framework.;Yes;Yes
PRIORITY A;Barcelona at Christmas;https://milesandflavors.com/barcelona-at-christmas/;D:\Travel blog\Barcelona\barcelona-at-christmas-HTML.txt;Seasonal route and booking timeline;The article contains a concrete sequence, comparison, booking decision, transport choice, or time-sensitive planning framework.;Yes;Yes
PRIORITY A;Barcelona in December;https://milesandflavors.com/barcelona-in-december/;D:\Travel blog\Barcelona\barcelona-in-december-HTML.txt;Seasonal planning timeline;The article contains a concrete sequence, comparison, booking decision, transport choice, or time-sensitive planning framework.;No;Yes
PRIORITY A;Barcelona in November;https://milesandflavors.com/barcelona-in-november/;D:\Travel blog\Barcelona\barcelona-in-november-HTML.txt;Seasonal planning timeline;The article contains a concrete sequence, comparison, booking decision, transport choice, or time-sensitive planning framework.;Yes;Yes
PRIORITY A;Barcelona in October;https://milesandflavors.com/barcelona-in-october/;D:\Travel blog\Barcelona\barcelona-in-october-HTML.txt;Seasonal planning timeline;The article contains a concrete sequence, comparison, booking decision, transport choice, or time-sensitive planning framework.;Yes;Yes
PRIORITY A;Barcelona in One Day;https://milesandflavors.com/barcelona-in-one-day-itinerary/;D:\Travel blog\Barcelona\barcelona-in-one-day-itinerary-HTML.txt;Day-by-day itinerary;The article contains a concrete sequence, comparison, booking decision, transport choice, or time-sensitive planning framework.;Yes;Yes
PRIORITY A;Barcelona in September;https://milesandflavors.com/barcelona-in-september/;D:\Travel blog\Barcelona\barcelona-in-september-HTML.txt;Seasonal planning timeline;The article contains a concrete sequence, comparison, booking decision, transport choice, or time-sensitive planning framework.;Yes;Yes
PRIORITY A;Barcelona in Winter;https://milesandflavors.com/barcelona-in-winter/;D:\Travel blog\Barcelona\barcelona-in-winter-HTML.txt;Seasonal planning timeline;The article contains a concrete sequence, comparison, booking decision, transport choice, or time-sensitive planning framework.;No;Yes
PRIORITY A;Barcelona Travel Costs;https://milesandflavors.com/barcelona-travel-costs/;D:\Travel blog\Barcelona\Barcelona-Travel-costs.txt;Budget and spending framework;The article contains a concrete sequence, comparison, booking decision, transport choice, or time-sensitive planning framework.;Yes;Yes
PRIORITY A;Best Day Trips from Amsterdam;https://milesandflavors.com/best-day-trips-from-amsterdam/;D:\Travel blog\Amsterdam\best-day-trips-from-amsterdam-HTML.txt;Day-trip route and timing plan;The article contains a concrete sequence, comparison, booking decision, transport choice, or time-sensitive planning framework.;Yes;Yes
PRIORITY A;Best Fall Foliage Day Trips from NYC (Ranked Guide;https://milesandflavors.com/nyc-fall-foliage-day-trips/;D:\Travel blog\New York\nyc-fall-foliage-day-trips-HTML.txt;Day-trip route and timing plan;The article contains a concrete sequence, comparison, booking decision, transport choice, or time-sensitive planning framework.;Yes;Yes
PRIORITY A;Best Time to Visit Japan;https://milesandflavors.com/best-time-to-visit-japan/;D:\Travel blog\Japan\best-time-to-visit-japan.txt;Seasonal planning timeline;The article contains a concrete sequence, comparison, booking decision, transport choice, or time-sensitive planning framework.;Yes;Yes
PRIORITY A;Best Time to Visit the Azores;https://milesandflavors.com/best-time-to-visit-the-azores/;D:\Travel blog\Azores\best-time-to-visit-the-azores-HTML.txt;Seasonal planning timeline;The article contains a concrete sequence, comparison, booking decision, transport choice, or time-sensitive planning framework.;No;Yes
PRIORITY A;Best Time to Visit the Dolomites;https://milesandflavors.com/best-time-to-visit-the-dolomites-and-what-nobody-tells-you/;D:\Travel blog\Dolomites\best-time-to-visit-dolomites-HTML.txt;Seasonal planning timeline;The article contains a concrete sequence, comparison, booking decision, transport choice, or time-sensitive planning framework.;Yes;Yes
PRIORITY A;Best Travel Money Card;https://milesandflavors.com/best-travel-money-card/;D:\Travel blog\Travel Tips and Hacks\Travel_money_card.txt;Budget and spending framework;The article contains a concrete sequence, comparison, booking decision, transport choice, or time-sensitive planning framework.;Yes;Yes
PRIORITY A;Camp Nou Tour;https://milesandflavors.com/camp-nou-tour-worth-it/;D:\Travel blog\Barcelona\camp-nou-tour-worth-it-HTML.txt;Booking decision guide;The article contains a concrete sequence, comparison, booking decision, transport choice, or time-sensitive planning framework.;Yes;Yes
PRIORITY A;Car Rental in Zakynthos;https://milesandflavors.com/car-rental-in-zakynthos/;D:\Travel blog\Zakynthos\car-rental-zakynthos-HTML.txt;Transport decision flow;The article contains a concrete sequence, comparison, booking decision, transport choice, or time-sensitive planning framework.;Yes;Yes
PRIORITY A;Casa Milà vs Casa Batlló;https://milesandflavors.com/casa-mila-vs-casa-batllo/;D:\Travel blog\Barcelona\casa-mila-vs-casa-batllo-HTML.txt;Side-by-side comparison;The article contains a concrete sequence, comparison, booking decision, transport choice, or time-sensitive planning framework.;Yes;Yes
PRIORITY A;Chicago at Christmas;https://milesandflavors.com/chicago-at-christmas/;D:\Travel blog\Chicago\chicago-at-christmas.txt;Seasonal route and booking timeline;The article contains a concrete sequence, comparison, booking decision, transport choice, or time-sensitive planning framework.;Yes;Yes
PRIORITY A;Chicago in November;https://milesandflavors.com/chicago-in-november/;D:\Travel blog\Chicago\chicago-in-november-HTML.txt;Seasonal planning timeline;The article contains a concrete sequence, comparison, booking decision, transport choice, or time-sensitive planning framework.;Yes;Yes
PRIORITY A;Chicago in October;https://milesandflavors.com/chicago-in-october/;D:\Travel blog\Chicago\chicago-in-october-HTML.txt;Seasonal planning timeline;The article contains a concrete sequence, comparison, booking decision, transport choice, or time-sensitive planning framework.;Yes;Yes
PRIORITY A;Chicago in September;https://milesandflavors.com/chicago-in-september/;D:\Travel blog\Chicago\chicago-in-september-HTML.txt;Seasonal planning timeline;The article contains a concrete sequence, comparison, booking decision, transport choice, or time-sensitive planning framework.;Yes;Yes
PRIORITY A;Chicago in Winter;https://milesandflavors.com/chicago-in-winter/;D:\Travel blog\Chicago\chicago-in-winter-HTML.txt;Seasonal planning timeline;The article contains a concrete sequence, comparison, booking decision, transport choice, or time-sensitive planning framework.;No;Yes
PRIORITY A;Chicago Travel Costs;https://milesandflavors.com/chicago-travel-costs-the-honest-budget-guide/;D:\Travel blog\Chicago\Chicago travel cost.txt;Budget and spending framework;The article contains a concrete sequence, comparison, booking decision, transport choice, or time-sensitive planning framework.;Yes;Yes
PRIORITY A;Day Trip to the Dolomites from Venice;https://milesandflavors.com/day-trip-to-the-dolomites-from-venice/;D:\Travel blog\Dolomites\day-trip-dolomites-from-venice-HTML.txt;Transport decision flow;The article contains a concrete sequence, comparison, booking decision, transport choice, or time-sensitive planning framework.;Yes;Yes
PRIORITY A;Dolomites Travel Costs;https://milesandflavors.com/dolomites-travel-costs/;D:\Travel blog\Dolomites\dolomites-travel-costs-HTML.txt;Budget and spending framework;The article contains a concrete sequence, comparison, booking decision, transport choice, or time-sensitive planning framework.;Yes;Yes
PRIORITY A;Empire State Building vs Top of the Rock;https://milesandflavors.com/empire-state-building-vs-top-of-the-rock/;D:\Travel blog\New York\empire-state-vs-top-of-the-rock-HTML.txt;Side-by-side comparison;The article contains a concrete sequence, comparison, booking decision, transport choice, or time-sensitive planning framework.;No;Yes
PRIORITY A;Getting to Navy Pier;https://milesandflavors.com/getting-to-navy-pier-parking-rideshare-transit/;D:\Travel blog\Chicago\getting-to-navy-pier-parking-rideshare-transit-HTML.txt;Transport decision flow;The article contains a concrete sequence, comparison, booking decision, transport choice, or time-sensitive planning framework.;Yes;Yes
PRIORITY A;Hakone Day Trip from Tokyo;https://milesandflavors.com/hakone-day-trip-from-tokyo/;D:\Travel blog\Japan\hakone-day-trip-from-tokyo.txt;Day-by-day itinerary;The article contains a concrete sequence, comparison, booking decision, transport choice, or time-sensitive planning framework.;Yes;Yes
PRIORITY A;How to Book Hotels Like a Pro;https://milesandflavors.com/how-to-book-hotels-like-a-pro/;D:\Travel blog\Travel Tips and Hacks\How to book a hotel.txt;Planning checklist or booking order;The article contains a concrete sequence, comparison, booking decision, transport choice, or time-sensitive planning framework.;Yes;Yes
PRIORITY A;How to Get to the Dolomites from Milan;https://milesandflavors.com/dolomites-from-milan/;D:\Travel blog\Dolomites\How to Get to the Dolomites from Milan (and Why We Rented a Car).txt;Transport decision flow;The article contains a concrete sequence, comparison, booking decision, transport choice, or time-sensitive planning framework.;Yes;Yes
PRIORITY A;How to Get to Zakynthos from Athens;https://milesandflavors.com/how-to-get-to-zakynthos/;D:\Travel blog\Zakynthos\zakynthos-from-athens-HTML.txt;Transport decision flow;The article contains a concrete sequence, comparison, booking decision, transport choice, or time-sensitive planning framework.;Yes;Yes
PRIORITY A;How to Plan a Trip;https://milesandflavors.com/how-to-plan-a-trip/;D:\Travel blog\Travel Tips and Hacks\How to plan a trip.txt;Planning checklist or booking order;The article contains a concrete sequence, comparison, booking decision, transport choice, or time-sensitive planning framework.;Yes;Yes
PRIORITY A;Is Christkindlmarket Worth It?;https://milesandflavors.com/christkindlmarket-chicago-worth-it/;D:\Travel blog\Chicago\christkindlmarket-chicago-worth-it-HTML.txt;Booking decision guide;The article contains a concrete sequence, comparison, booking decision, transport choice, or time-sensitive planning framework.;Yes;Yes
PRIORITY A;Is Disney World Worth It at Christmas?;https://milesandflavors.com/disney-world-christmas-worth-it/;D:\Travel blog\Master prompt\disney-world-christmas-worth-it-HTML.txt;Seasonal route and booking timeline;The article contains a concrete sequence, comparison, booking decision, transport choice, or time-sensitive planning framework.;Yes;Yes
PRIORITY A;Is Leavenworth Worth It at Christmas?;https://milesandflavors.com/leavenworth-christmas-worth-it/;D:\Travel blog\Washington\leavenworth-christmas-worth-it-HTML.txt;Seasonal route and booking timeline;The article contains a concrete sequence, comparison, booking decision, transport choice, or time-sensitive planning framework.;Yes;Yes
PRIORITY A;Japan 10-Day Itinerary;https://milesandflavors.com/japan-10-day-itinerary/;D:\Travel blog\Japan\10day-itinerary.txt;Day-by-day itinerary;The article contains a concrete sequence, comparison, booking decision, transport choice, or time-sensitive planning framework.;Yes;Yes
PRIORITY A;Japan Travel Costs;https://milesandflavors.com/japan-travel-costs/;D:\Travel blog\Japan\japan-travel-costs.txt;Budget and spending framework;The article contains a concrete sequence, comparison, booking decision, transport choice, or time-sensitive planning framework.;Yes;Yes
PRIORITY A;Leavenworth Christmas Itinerary;https://milesandflavors.com/leavenworth-christmas-itinerary/;D:\Travel blog\Washington\leavenworth-christmas-itinerary-HTML.txt;Day-by-day itinerary;The article contains a concrete sequence, comparison, booking decision, transport choice, or time-sensitive planning framework.;Yes;Yes
PRIORITY A;Lincoln Park Zoo Chicago;https://milesandflavors.com/lincoln-park-zoo-chicago-worth-it/;D:\Travel blog\Chicago\lincoln-park-zoo-chicago-worth-it-HTML.txt;Booking decision guide;The article contains a concrete sequence, comparison, booking decision, transport choice, or time-sensitive planning framework.;Yes;Yes
PRIORITY A;Macy’s Thanksgiving Day Parade Turns 100 in 2026 — Plan Now;https://milesandflavors.com/macys-thanksgiving-day-parade-2026/;D:\Travel blog\New York\macys-thanksgiving-day-parade-2026-HTML.txt;Seasonal route and booking timeline;The article contains a concrete sequence, comparison, booking decision, transport choice, or time-sensitive planning framework.;Yes;Yes
PRIORITY A;Marsa Alam Travel Costs;https://milesandflavors.com/marsa-alam-travel-costs/;D:\Travel blog\Egypt\Marsa Alam Travel costs.txt;Budget and spending framework;The article contains a concrete sequence, comparison, booking decision, transport choice, or time-sensitive planning framework.;Yes;Yes
PRIORITY A;Milan to Dolomites Road Trip;https://milesandflavors.com/milan-to-dolomites-road-trip/;D:\Travel blog\Dolomites\milan-to-dolomites-road-trip-HTML.txt;Road-trip route map;The article contains a concrete sequence, comparison, booking decision, transport choice, or time-sensitive planning framework.;Yes;Yes
PRIORITY A;Montserrat Day Trip from Barcelona;https://milesandflavors.com/montserrat-day-trip-from-barcelona/;D:\Travel blog\Barcelona\montserrat-day-trip-from-barcelona-HTML.txt;Day-trip route and timing plan;The article contains a concrete sequence, comparison, booking decision, transport choice, or time-sensitive planning framework.;No;Yes
PRIORITY A;NYC at Christmas;https://milesandflavors.com/nyc-at-christmas/;D:\Travel blog\New York\Nincs posztolva\nyc-at-christmas.txt;Seasonal route and booking timeline;The article contains a concrete sequence, comparison, booking decision, transport choice, or time-sensitive planning framework.;Yes;Yes
PRIORITY A;NYC Christmas Itinerary;https://milesandflavors.com/nyc-christmas-itinerary/;D:\Travel blog\New York\nyc-christmas-itinerary-HTML.txt;Day-by-day itinerary;The article contains a concrete sequence, comparison, booking decision, transport choice, or time-sensitive planning framework.;No;Yes
PRIORITY A;NYC in November;https://milesandflavors.com/nyc-in-november/;D:\Travel blog\New York\nyc-in-november-HTML.txt;Seasonal planning timeline;The article contains a concrete sequence, comparison, booking decision, transport choice, or time-sensitive planning framework.;Yes;Yes
PRIORITY A;NYC in October;https://milesandflavors.com/nyc-in-october/;D:\Travel blog\New York\nyc-in-october-HTML.txt;Seasonal planning timeline;The article contains a concrete sequence, comparison, booking decision, transport choice, or time-sensitive planning framework.;Yes;Yes
PRIORITY A;NYC in September;https://milesandflavors.com/nyc-in-september/;D:\Travel blog\New York\nyc-in-september-HTML.txt;Seasonal planning timeline;The article contains a concrete sequence, comparison, booking decision, transport choice, or time-sensitive planning framework.;Yes;Yes
PRIORITY A;NYC in Winter;https://milesandflavors.com/nyc-in-winter/;D:\Travel blog\New York\nyc-in-winter-HTML.txt;Seasonal planning timeline;The article contains a concrete sequence, comparison, booking decision, transport choice, or time-sensitive planning framework.;Yes;Yes
PRIORITY A;NYC Travel Costs 2026;https://milesandflavors.com/nyc-travel-costs/;D:\Travel blog\New York\nyc-travel-costs-HTML.txt;Budget and spending framework;The article contains a concrete sequence, comparison, booking decision, transport choice, or time-sensitive planning framework.;Yes;Yes
PRIORITY A;One Day in New York;https://milesandflavors.com/one-day-in-new-york/;D:\Travel blog\New York\nyc-in-a-day-liberty-911-times-square-HTML.txt;Day-by-day itinerary;The article contains a concrete sequence, comparison, booking decision, transport choice, or time-sensitive planning framework.;Yes;Yes
PRIORITY A;O’Hare to Downtown Chicago;https://milesandflavors.com/ohare-to-downtown-chicago/;D:\Travel blog\Chicago\ohare-to-downtown-chicago-HTML.txt;Transport decision flow;The article contains a concrete sequence, comparison, booking decision, transport choice, or time-sensitive planning framework.;Yes;Yes
PRIORITY A;Planning a Chicago Christmas Trip? Start With This Itinerary;https://milesandflavors.com/chicago-christmas-itinerary/;D:\Travel blog\Chicago\chicago-christmas-itinerary-HTML.txt;Day-by-day itinerary;The article contains a concrete sequence, comparison, booking decision, transport choice, or time-sensitive planning framework.;Yes;Yes
PRIORITY A;Rijksmuseum vs Van Gogh Museum;https://milesandflavors.com/rijksmuseum-vs-van-gogh-museum/;D:\Travel blog\Amsterdam\rijksmuseum-vs-van-gogh-museum-HTML.txt;Side-by-side comparison;The article contains a concrete sequence, comparison, booking decision, transport choice, or time-sensitive planning framework.;Yes;Yes
PRIORITY A;Rockefeller Center vs Bryant Park Ice Skating;https://milesandflavors.com/rockefeller-center-vs-bryant-park-ice-skating/;D:\Travel blog\New York\rockefeller-center-vs-bryant-park-ice-skating-HTML.txt;Side-by-side comparison;The article contains a concrete sequence, comparison, booking decision, transport choice, or time-sensitive planning framework.;Yes;Yes
PRIORITY A;Rome Travel Costs 2026;https://milesandflavors.com/rome-travel-costs/;D:\Travel blog\Rome\rome-travel-costs-HTML.txt;Budget and spending framework;The article contains a concrete sequence, comparison, booking decision, transport choice, or time-sensitive planning framework.;Yes;Yes
PRIORITY A;Sagrada Familia;https://milesandflavors.com/sagrada-familia-skip-the-line/;D:\Travel blog\Barcelona\sagrada-familia-skip-the-line-HTML.txt;Booking decision guide;The article contains a concrete sequence, comparison, booking decision, transport choice, or time-sensitive planning framework.;No;Yes
PRIORITY A;Sagrada Família Towers;https://milesandflavors.com/sagrada-familia-towers-worth-it/;D:\Travel blog\Barcelona\sagrada-familia-towers-worth-it-HTML.txt;Booking decision guide;The article contains a concrete sequence, comparison, booking decision, transport choice, or time-sensitive planning framework.;Yes;Yes
PRIORITY A;Thanksgiving in Chicago 2026;https://milesandflavors.com/thanksgiving-in-chicago/;D:\Travel blog\Chicago\thanksgiving-in-chicago-HTML.txt;Seasonal route and booking timeline;The article contains a concrete sequence, comparison, booking decision, transport choice, or time-sensitive planning framework.;No;Yes
PRIORITY A;Thanksgiving in NYC;https://milesandflavors.com/thanksgiving-in-nyc/;D:\Travel blog\New York\thanksgiving-in-nyc-HTML.txt;Seasonal route and booking timeline;The article contains a concrete sequence, comparison, booking decision, transport choice, or time-sensitive planning framework.;Yes;Yes
PRIORITY A;The Perfect Amsterdam Christmas Itinerary;https://milesandflavors.com/amsterdam-christmas-itinerary/;D:\Travel blog\Amsterdam\amsterdam-christmas-itinerary-HTML.txt;Day-by-day itinerary;The article contains a concrete sequence, comparison, booking decision, transport choice, or time-sensitive planning framework.;Yes;Yes
PRIORITY A;What Chicago in December Actually Feels Like;https://milesandflavors.com/chicago-in-december/;D:\Travel blog\Chicago\chicago-in-december-HTML.txt;Seasonal planning timeline;The article contains a concrete sequence, comparison, booking decision, transport choice, or time-sensitive planning framework.;Yes;Yes
PRIORITY A;Where to Stay in Amsterdam;https://milesandflavors.com/where-to-stay-in-amsterdam/;D:\Travel blog\Amsterdam\where-to-stay-amsterdam-HTML.txt;Neighborhood decision matrix;The article contains a concrete sequence, comparison, booking decision, transport choice, or time-sensitive planning framework.;Yes;Yes
PRIORITY A;Where to Stay in Barcelona;https://milesandflavors.com/where-to-stay-in-barcelona/;D:\Travel blog\Barcelona\Where to stay Barcelona.txt;Neighborhood decision matrix;The article contains a concrete sequence, comparison, booking decision, transport choice, or time-sensitive planning framework.;Yes;Yes
PRIORITY A;Where to Stay in Chicago;https://milesandflavors.com/where-to-stay-in-chicago-7-best-areas-hotels/;D:\Travel blog\Chicago\Where to stay in Chicago.txt;Neighborhood decision matrix;The article contains a concrete sequence, comparison, booking decision, transport choice, or time-sensitive planning framework.;Yes;Yes
PRIORITY A;Where to Stay in Chicago with Kids;https://milesandflavors.com/where-to-stay-in-chicago-with-kids/;D:\Travel blog\Chicago\where-to-stay-in-chicago-with-kids-HTML.txt;Neighborhood decision matrix;The article contains a concrete sequence, comparison, booking decision, transport choice, or time-sensitive planning framework.;Yes;Yes
PRIORITY A;Where to Stay in Marsa Alam;https://milesandflavors.com/where-to-stay-in-marsa-alam/;D:\Travel blog\Egypt\where-to-stay-in-marsa-alam-HTML.txt;Neighborhood decision matrix;The article contains a concrete sequence, comparison, booking decision, transport choice, or time-sensitive planning framework.;Yes;Yes
PRIORITY A;Where to Stay in NYC;https://milesandflavors.com/where-to-stay-in-nyc/;D:\Travel blog\New York\where-to-stay-in-nyc-HTML.txt;Neighborhood decision matrix;The article contains a concrete sequence, comparison, booking decision, transport choice, or time-sensitive planning framework.;Yes;Yes
PRIORITY A;Where to Stay in NYC with Kids;https://milesandflavors.com/where-to-stay-in-nyc-with-kids/;D:\Travel blog\New York\where-to-stay-in-nyc-with-kids-HTML.txt;Neighborhood decision matrix;The article contains a concrete sequence, comparison, booking decision, transport choice, or time-sensitive planning framework.;No;Yes
PRIORITY A;Where to Stay in Rome;https://milesandflavors.com/where-to-stay-in-rome/;D:\Travel blog\Rome\where-to-stay-in-rome-HTML.txt;Neighborhood decision matrix;The article contains a concrete sequence, comparison, booking decision, transport choice, or time-sensitive planning framework.;No;Yes
PRIORITY A;Where to Stay in the Dolomites;https://milesandflavors.com/where-to-stay-in-the-dolomites/;D:\Travel blog\Dolomites\where-to-stay-dolomites-HTML.txt;Neighborhood decision matrix;The article contains a concrete sequence, comparison, booking decision, transport choice, or time-sensitive planning framework.;Yes;Yes
PRIORITY A;Where to Stay in Tokyo;https://milesandflavors.com/where-to-stay-in-tokyo/;D:\Travel blog\Japan\where-to-stay-in-tokyo.txt;Neighborhood decision matrix;The article contains a concrete sequence, comparison, booking decision, transport choice, or time-sensitive planning framework.;Yes;Yes
PRIORITY A;Where to Stay in Zakynthos;https://milesandflavors.com/where-to-stay-in-zakynthos/;D:\Travel blog\Zakynthos\where-to-stay-zakynthos-HTML.txt;Neighborhood decision matrix;The article contains a concrete sequence, comparison, booking decision, transport choice, or time-sensitive planning framework.;Yes;Yes
PRIORITY A;Where to Stay on the Amalfi Coast;https://milesandflavors.com/where-to-stay-on-the-amalfi-coast/;D:\Travel blog\Amalfi Coast\Where-to-stay.txt;Neighborhood decision matrix;The article contains a concrete sequence, comparison, booking decision, transport choice, or time-sensitive planning framework.;Yes;Yes
PRIORITY A;Willis Tower Skydeck vs 360 Chicago;https://milesandflavors.com/willis-tower-skydeck-vs-360-chicago/;D:\Travel blog\Chicago\willis-tower-skydeck-vs-360-chicago-HTML.txt;Side-by-side comparison;The article contains a concrete sequence, comparison, booking decision, transport choice, or time-sensitive planning framework.;Yes;Yes
PRIORITY A;Zakynthos Road Trip Itinerary;https://milesandflavors.com/zakynthos-road-trip-itinerary/;D:\Travel blog\Zakynthos\zakynthos-road-trip-HTML.txt;Day-by-day itinerary;The article contains a concrete sequence, comparison, booking decision, transport choice, or time-sensitive planning framework.;Yes;Yes
PRIORITY A;Zakynthos Travel Costs;https://milesandflavors.com/zakynthos-travel-costs/;D:\Travel blog\Zakynthos\zakynthos-travel-costs-HTML.txt;Budget and spending framework;The article contains a concrete sequence, comparison, booking decision, transport choice, or time-sensitive planning framework.;Yes;Yes
PRIORITY B;25 Best Things to Do in NYC;https://milesandflavors.com/25-best-things-to-do-in-nyc/;D:\Travel blog\New York\nyc-best-things-to-do-HTML.txt;Category-based shortlist;The article has enough grouping and decision-support structure to create a useful infographic without forcing a route.;Yes;Yes
PRIORITY B;Amalfi Coast Bucket List;https://milesandflavors.com/amalfi-coast-bucketlist-25-best-thing-to-do/;D:\Travel blog\Amalfi Coast\best-things-to-do.txt;Category-based shortlist;The article has enough grouping and decision-support structure to create a useful infographic without forcing a route.;Yes;Yes
PRIORITY B;Amsterdam Bucket List;https://milesandflavors.com/amsterdam-bucket-list/;D:\Travel blog\Amsterdam\amsterdam-bucket-list-HTML.txt;Category-based shortlist;The article has enough grouping and decision-support structure to create a useful infographic without forcing a route.;Yes;Yes
PRIORITY B;Amsterdam Light Festival;https://milesandflavors.com/amsterdam-light-festival/;D:\Travel blog\Amsterdam\amsterdam-light-festival-HTML.txt;Scannable decision guide;The article has enough grouping and decision-support structure to create a useful infographic without forcing a route.;Yes;Yes
PRIORITY B;Amsterdam Winter Bucket List;https://milesandflavors.com/amsterdam-winter-bucket-list/;D:\Travel blog\Amsterdam\amsterdam-winter-bucket-list-HTML.txt;Category-based shortlist;The article has enough grouping and decision-support structure to create a useful infographic without forcing a route.;Yes;Yes
PRIORITY B;Amsterdam with a Toddler;https://milesandflavors.com/amsterdam-with-a-toddler/;D:\Travel blog\Amsterdam\amsterdam-with-a-toddler-HTML.txt;Family-friendly decision guide;The article has enough grouping and decision-support structure to create a useful infographic without forcing a route.;Yes;Yes
PRIORITY B;Art Institute of Chicago Free Days;https://milesandflavors.com/art-institute-chicago-free-days/;D:\Travel blog\Chicago\art-institute-chicago-free-days-HTML.txt;Scannable decision guide;The article has enough grouping and decision-support structure to create a useful infographic without forcing a route.;Yes;Yes
PRIORITY B;Azores Whale Watching;https://milesandflavors.com/azores-whale-watching/;D:\Travel blog\Azores\azores-whale-watching-HTML.txt;Scannable decision guide;The article has enough grouping and decision-support structure to create a useful infographic without forcing a route.;Yes;Yes
PRIORITY B;Barcelona Bucket List;https://milesandflavors.com/barcelona-bucket-list/;D:\Travel blog\Barcelona\Barcelona-Bucket-List.txt;Category-based shortlist;The article has enough grouping and decision-support structure to create a useful infographic without forcing a route.;Yes;Yes
PRIORITY B;Barcelona Winter Bucket List;https://milesandflavors.com/barcelona-winter-bucket-list/;D:\Travel blog\Barcelona\barcelona-winter-bucket-list-HTML.txt;Category-based shortlist;The article has enough grouping and decision-support structure to create a useful infographic without forcing a route.;Yes;Yes
PRIORITY B;Best Beaches in Zakynthos;https://milesandflavors.com/best-beaches-in-zakynthos/;D:\Travel blog\Zakynthos\best-beaches-zakynthos-HTML.txt;Scannable decision guide;The article has enough grouping and decision-support structure to create a useful infographic without forcing a route.;Yes;Yes
PRIORITY B;Best Canal Cruises in Amsterdam;https://milesandflavors.com/best-canal-cruises-in-amsterdam/;D:\Travel blog\Amsterdam\best-canal-cruises-amsterdam-HTML.txt;Scannable decision guide;The article has enough grouping and decision-support structure to create a useful infographic without forcing a route.;Yes;Yes
PRIORITY B;Best Florida Christmas Towns;https://milesandflavors.com/best-florida-christmas-towns/;D:\Travel blog\Master prompt\best-florida-christmas-towns-HTML.txt;Scannable decision guide;The article has enough grouping and decision-support structure to create a useful infographic without forcing a route.;Yes;Yes
PRIORITY B;Best Things to Do in Barcelona for Couples;https://milesandflavors.com/best-things-to-do-in-barcelona-for-couples/;D:\Travel blog\Barcelona\best-things-to-do-barcelona-couples-HTML.txt;Category-based shortlist;The article has enough grouping and decision-support structure to create a useful infographic without forcing a route.;Yes;Yes
PRIORITY B;Best Things to Do in Brooklyn;https://milesandflavors.com/best-things-to-do-in-brooklyn/;D:\Travel blog\New York\best-things-to-do-brooklyn-HTML.txt;Category-based shortlist;The article has enough grouping and decision-support structure to create a useful infographic without forcing a route.;Yes;Yes
PRIORITY B;Best Things to Do in Chicago for First-Timers;https://milesandflavors.com/best-things-to-do-in-chicago/;D:\Travel blog\Chicago\best-things-to-do-chicago-first-timers-HTML.txt;Category-based shortlist;The article has enough grouping and decision-support structure to create a useful infographic without forcing a route.;No;Yes
PRIORITY B;Best Things to Do in Kyoto;https://milesandflavors.com/best-things-to-do-in-kyoto/;D:\Travel blog\Japan\best-things-to-do-kyoto.txt;Category-based shortlist;The article has enough grouping and decision-support structure to create a useful infographic without forcing a route.;Yes;Yes
PRIORITY B;Best Things to Do in Marsa Alam, Egypt;https://milesandflavors.com/best-things-to-do-in-marsa-alam-egypt-including-the-one-that-changes-everything/;D:\Travel blog\Egypt\BestthingstodoMarsa Alam.txt;Category-based shortlist;The article has enough grouping and decision-support structure to create a useful infographic without forcing a route.;Yes;Yes
PRIORITY B;Best Things to Do in NYC This Weekend;https://milesandflavors.com/things-to-do-in-nyc-this-weekend/;D:\Travel blog\New York\things-to-do-in-nyc-this-weekend-HTML.txt;Category-based shortlist;The article has enough grouping and decision-support structure to create a useful infographic without forcing a route.;Yes;Yes
PRIORITY B;Best Things to Do in Osaka;https://milesandflavors.com/best-things-to-do-in-osaka/;D:\Travel blog\Japan\best-things-to-do-osaka.txt;Category-based shortlist;The article has enough grouping and decision-support structure to create a useful infographic without forcing a route.;Yes;Yes
PRIORITY B;Best Things to Do in Rome;https://milesandflavors.com/best-things-to-do-in-rome/;D:\Travel blog\Rome\best-things-to-do-in-rome-HTML.txt;Category-based shortlist;The article has enough grouping and decision-support structure to create a useful infographic without forcing a route.;No;Yes
PRIORITY B;Best Things to Do in Tokyo;https://milesandflavors.com/best-things-to-do-in-tokyo/;D:\Travel blog\Japan\best-things-to-do-tokyo.txt;Category-based shortlist;The article has enough grouping and decision-support structure to create a useful infographic without forcing a route.;Yes;Yes
PRIORITY B;Casa Batlló Barcelona;https://milesandflavors.com/casa-batllo-gaudi-trail-barcelona/;D:\Travel blog\Barcelona\casa-batllo-gaudi-trail-barcelona-HTML.txt;Scannable decision guide;The article has enough grouping and decision-support structure to create a useful infographic without forcing a route.;Yes;Yes
PRIORITY B;Central Park NYC;https://milesandflavors.com/central-park-nyc-guide/;D:\Travel blog\New York\central-park-nyc-guide-HTML.txt;Scannable decision guide;The article has enough grouping and decision-support structure to create a useful infographic without forcing a route.;Yes;Yes
PRIORITY B;Central Park with Kids;https://milesandflavors.com/central-park-with-kids/;D:\Travel blog\New York\central-park-with-kids-HTML.txt;Family-friendly decision guide;The article has enough grouping and decision-support structure to create a useful infographic without forcing a route.;Yes;Yes
PRIORITY B;Chicago Bucket List;https://milesandflavors.com/chicago-bucket-list-25-best-things-to-do/;D:\Travel blog\Chicago\ChicAGO BEST THING TO DO.txt;Category-based shortlist;The article has enough grouping and decision-support structure to create a useful infographic without forcing a route.;Yes;Yes
PRIORITY B;Chicago Fall Bucket List;https://milesandflavors.com/chicago-fall-bucket-list/;D:\Travel blog\Chicago\chicago-fall-bucket-list-HTML.txt;Category-based shortlist;The article has enough grouping and decision-support structure to create a useful infographic without forcing a route.;Yes;Yes
PRIORITY B;Chicago Hop-On Hop-Off Bus;https://milesandflavors.com/chicago-hop-on-hop-off/;D:\Travel blog\Chicago\chicago-hop-on-hop-off-guide-HTML.txt;Scannable decision guide;The article has enough grouping and decision-support structure to create a useful infographic without forcing a route.;Yes;Yes
PRIORITY B;Chicago Riverwalk;https://milesandflavors.com/chicago-riverwalk-free-things-to-do/;D:\Travel blog\Chicago\chicago-riverwalk-free-things-to-do-HTML.txt;Grouped free-experience guide;The article has enough grouping and decision-support structure to create a useful infographic without forcing a route.;Yes;Yes
PRIORITY B;Chicago Winter Bucket List;https://milesandflavors.com/chicago-winter-bucket-list/;D:\Travel blog\Chicago\chicago-winter-bucket-list-HTML.txt;Category-based shortlist;The article has enough grouping and decision-support structure to create a useful infographic without forcing a route.;Yes;Yes
PRIORITY B;Fall in New York City;https://milesandflavors.com/fall-in-new-york-city/;D:\Travel blog\New York\fall-in-new-york-city-HTML.txt;Scannable decision guide;The article has enough grouping and decision-support structure to create a useful infographic without forcing a route.;Yes;Yes
PRIORITY B;Free Things to Do in Barcelona;https://milesandflavors.com/free-things-to-do-in-barcelona/;D:\Travel blog\Barcelona\Barcelona-Free_thingstodo.txt;Grouped free-experience guide;The article has enough grouping and decision-support structure to create a useful infographic without forcing a route.;Yes;Yes
PRIORITY B;Free Things to Do in Chicago;https://milesandflavors.com/20-free-things-to-do-in-chicago/;D:\Travel blog\Chicago\freethingtodoin chicago.txt;Grouped free-experience guide;The article has enough grouping and decision-support structure to create a useful infographic without forcing a route.;Yes;Yes
PRIORITY B;Free Things to Do in NYC;https://milesandflavors.com/free-things-to-do-in-nyc/;D:\Travel blog\New York\free-things-to-do-in-nyc-HTML.txt;Grouped free-experience guide;The article has enough grouping and decision-support structure to create a useful infographic without forcing a route.;Yes;Yes
PRIORITY B;Free Things to Do on the Amalfi Coast;https://milesandflavors.com/free-things-to-do-on-the-amalfi-coast/;D:\Travel blog\Amalfi Coast\free-things-to-do.txt;Grouped free-experience guide;The article has enough grouping and decision-support structure to create a useful infographic without forcing a route.;Yes;Yes
PRIORITY B;Gothic Quarter at Night;https://milesandflavors.com/gothic-quarter-barcelona-at-night-safe/;D:\Travel blog\Barcelona\gothic-quarter-barcelona-at-night-safe-HTML.txt;Scannable decision guide;The article has enough grouping and decision-support structure to create a useful infographic without forcing a route.;Yes;Yes
PRIORITY B;Hiking in the Dolomites;https://milesandflavors.com/hiking-in-the-dolomites/;D:\Travel blog\Dolomites\hiking-in-the-dolomites-HTML.txt;Scannable decision guide;The article has enough grouping and decision-support structure to create a useful infographic without forcing a route.;Yes;Yes
PRIORITY B;Japan Cherry Blossom Season;https://milesandflavors.com/japan-cherry-blossom-season/;D:\Travel blog\Japan\japan-cherry-blossom-season.txt;Scannable decision guide;The article has enough grouping and decision-support structure to create a useful infographic without forcing a route.;Yes;Yes
PRIORITY B;Japan Fall Foliage Guide;https://milesandflavors.com/japan-fall-foliage/;D:\Travel blog\Japan\japan-fall-foliage.txt;Scannable decision guide;The article has enough grouping and decision-support structure to create a useful infographic without forcing a route.;Yes;Yes
PRIORITY B;La Boqueria Market;https://milesandflavors.com/la-boqueria-market-tourist-trap/;D:\Travel blog\Barcelona\la-boqueria-market-tourist-trap-HTML.txt;Scannable decision guide;The article has enough grouping and decision-support structure to create a useful infographic without forcing a route.;Yes;Yes
PRIORITY B;Millennium Park & Cloud Gate Chicago;https://milesandflavors.com/millennium-park-cloud-gate-chicago/;D:\Travel blog\Chicago\millennium-park-cloud-gate-chicago-HTML.txt;Scannable decision guide;The article has enough grouping and decision-support structure to create a useful infographic without forcing a route.;Yes;Yes
PRIORITY B;Navy Pier Chicago;https://milesandflavors.com/navy-pier-chicago/;D:\Travel blog\Chicago\navy-pier-chicago-HTML.txt;Scannable decision guide;The article has enough grouping and decision-support structure to create a useful infographic without forcing a route.;Yes;Yes
PRIORITY B;NYC Christmas Market;https://milesandflavors.com/nyc-christmas-market/;D:\Travel blog\New York\nyc-christmas-market-HTML.txt;Scannable decision guide;The article has enough grouping and decision-support structure to create a useful infographic without forcing a route.;No;Yes
PRIORITY B;NYC Fall Bucket List;https://milesandflavors.com/nyc-fall-bucket-list/;D:\Travel blog\New York\nyc-fall-bucket-list-HTML.txt;Category-based shortlist;The article has enough grouping and decision-support structure to create a useful infographic without forcing a route.;Yes;Yes
PRIORITY B;NYC Halloween with Kids;https://milesandflavors.com/nyc-halloween-with-kids/;D:\Travel blog\New York\nyc-halloween-with-kids-HTML.txt;Family-friendly decision guide;The article has enough grouping and decision-support structure to create a useful infographic without forcing a route.;Yes;Yes
PRIORITY B;NYC Hidden Gems;https://milesandflavors.com/nyc-hidden-gems/;D:\Travel blog\New York\nyc-hidden-gems-HTML.txt;Scannable decision guide;The article has enough grouping and decision-support structure to create a useful infographic without forcing a route.;Yes;Yes
PRIORITY B;NYC Winter Bucket List;https://milesandflavors.com/nyc-winter-bucket-list/;D:\Travel blog\New York\nyc-winter-bucket-list-HTML.txt;Category-based shortlist;The article has enough grouping and decision-support structure to create a useful infographic without forcing a route.;Yes;Yes
PRIORITY B;One World Observatory NYC;https://milesandflavors.com/one-world-observatory-nyc/;D:\Travel blog\New York\one-world-observatory-nyc-HTML.txt;Scannable decision guide;The article has enough grouping and decision-support structure to create a useful infographic without forcing a route.;Yes;Yes
PRIORITY B;Park Güell and Sagrada Família;https://milesandflavors.com/park-guell-sagrada-familia-barcelona/;D:\Travel blog\Barcelona\park-guell-sagrada-familia-barcelona-HTML.txt;Scannable decision guide;The article has enough grouping and decision-support structure to create a useful infographic without forcing a route.;Yes;Yes
PRIORITY B;Ryokan in Japan;https://milesandflavors.com/ryokan-in-japan-what-to-expect/;D:\Travel blog\Japan\ryokan-japan-kyoto-hakone.txt;Scannable decision guide;The article has enough grouping and decision-support structure to create a useful infographic without forcing a route.;Yes;Yes
PRIORITY B;Shipwreck Beach Zakynthos;https://milesandflavors.com/shipwreck-beach-zakynthos/;D:\Travel blog\Zakynthos\shipwreck-beach-zakynthos-HTML.txt;Scannable decision guide;The article has enough grouping and decision-support structure to create a useful infographic without forcing a route.;Yes;Yes
PRIORITY B;The Chicago Architecture River Cruise;https://milesandflavors.com/chicago-architecture-river-cruise/;D:\Travel blog\Chicago\chicago-architecture-river-cruise-HTML.txt;Scannable decision guide;The article has enough grouping and decision-support structure to create a useful infographic without forcing a route.;Yes;Yes
PRIORITY B;Things to Do in São Miguel;https://milesandflavors.com/things-to-do-in-sao-miguel/;D:\Travel blog\Azores\things-to-do-in-sao-miguel-HTML.txt;Scannable decision guide;The article has enough grouping and decision-support structure to create a useful infographic without forcing a route.;Yes;Yes
PRIORITY B;Things to Do in Zakynthos;https://milesandflavors.com/things-to-do-in-zakynthos/;D:\Travel blog\Zakynthos\things-to-do-in-zakynthos-HTML.txt;Scannable decision guide;The article has enough grouping and decision-support structure to create a useful infographic without forcing a route.;No;Yes
PRIORITY B;Times Square NYC;https://milesandflavors.com/times-square-nyc-guide/;D:\Travel blog\New York\times-square-nyc-guide-HTML.txt;Scannable decision guide;The article has enough grouping and decision-support structure to create a useful infographic without forcing a route.;Yes;Yes
